<?xml version="1.0" encoding="UTF-8"?>
<metadata xml:lang="en"><Esri><CreaDate>20200115</CreaDate><CreaTime>10535000</CreaTime><ArcGISFormat>1.0</ArcGISFormat><SyncOnce>FALSE</SyncOnce><DataProperties><itemProps><itemName Sync="TRUE">Revised_Master_Shapefile_011520</itemName><imsContentType Sync="TRUE">002</imsContentType><itemSize Sync="TRUE">0.000</itemSize><itemLocation><linkage Sync="TRUE">file://\\rblnas1.ad.dfg.ca.gov\shared\REDDS &amp; JUVENILES\JUVENILES B13\B13 Master FIles 19-20\Master Shapefiles Created in 2020\Revised_Master_Shapefile_011520.shp</linkage><protocol Sync="TRUE">Local Area Network</protocol></itemLocation></itemProps><coordRef><type Sync="TRUE">Geographic</type><geogcsn Sync="TRUE">GCS_WGS_1984</geogcsn><csUnits Sync="TRUE">Angular Unit: Degree (0.017453)</csUnits><peXml Sync="TRUE">&lt;GeographicCoordinateSystem xsi:type='typens:GeographicCoordinateSystem' xmlns:xsi='http://www.w3.org/2001/XMLSchema-instance' xmlns:xs='http://www.w3.org/2001/XMLSchema' xmlns:typens='http://www.esri.com/schemas/ArcGIS/2.4.0'&gt;&lt;WKT&gt;GEOGCS[&amp;quot;GCS_WGS_1984&amp;quot;,DATUM[&amp;quot;D_WGS_1984&amp;quot;,SPHEROID[&amp;quot;WGS_1984&amp;quot;,6378137.0,298.257223563]],PRIMEM[&amp;quot;Greenwich&amp;quot;,0.0],UNIT[&amp;quot;Degree&amp;quot;,0.0174532925199433],AUTHORITY[&amp;quot;EPSG&amp;quot;,4326]]&lt;/WKT&gt;&lt;XOrigin&gt;-400&lt;/XOrigin&gt;&lt;YOrigin&gt;-400&lt;/YOrigin&gt;&lt;XYScale&gt;11258999068426.238&lt;/XYScale&gt;&lt;ZOrigin&gt;-100000&lt;/ZOrigin&gt;&lt;ZScale&gt;10000&lt;/ZScale&gt;&lt;MOrigin&gt;-100000&lt;/MOrigin&gt;&lt;MScale&gt;10000&lt;/MScale&gt;&lt;XYTolerance&gt;8.983152841195215e-09&lt;/XYTolerance&gt;&lt;ZTolerance&gt;0.001&lt;/ZTolerance&gt;&lt;MTolerance&gt;0.001&lt;/MTolerance&gt;&lt;HighPrecision&gt;true&lt;/HighPrecision&gt;&lt;LeftLongitude&gt;-180&lt;/LeftLongitude&gt;&lt;WKID&gt;4326&lt;/WKID&gt;&lt;LatestWKID&gt;4326&lt;/LatestWKID&gt;&lt;/GeographicCoordinateSystem&gt;</peXml></coordRef><lineage><Process ToolSource="c:\program files\arcgis\pro\Resources\ArcToolbox\toolboxes\Data Management Tools.tbx\Merge" Date="20200115" Time="105456">Merge '01-04-19 CYP Fish_Spo';'01-07-2019 PAI Fish_Spo';'01-08-2019 WYN Fish_Spo';'01-26-2018 Fish_Spo';'02-22-2018 LCA Fish_Spo';'03-26-2018 Fish_Spo';'04-23-2018 Fish_Spo';'06-20-2018 Fish_Spo';'07-02-2018 Fish_Spo';'07-03-2018 Fish_Spo';'07-17-2018 Fish_Spo';'08-13-2018 WYN_Fish_Spo';'08-22-2018 WYN_Fish_Spo';'08-27-2018 Fish_Spo';'11-16-2018 BOU Fish_Spo';'11-19-2018 WYN Fish_Spo';'11-20-2018 CLR Fish_Spo';'11-20-2018 KAP Fish_Spo';'11-21-2018 LCA Fish_Spo';'11-7-2018 CYP Fish_Spo' "Z:\Alex R\Alex's GIS shapefiles\Fish_Spo_Merged_History.shp" "Date "Date" true true false 8 Date 0 0,First,#,01-04-19 CYP Fish_Spo,Date,-1,-1,01-07-2019 PAI Fish_Spo,Date,-1,-1,01-08-2019 WYN Fish_Spo,Date,-1,-1,08-27-2018 Fish_Spo,Date,-1,-1,11-16-2018 BOU Fish_Spo,Date,-1,-1,11-19-2018 WYN Fish_Spo,Date,-1,-1,11-20-2018 CLR Fish_Spo,Date,-1,-1,11-20-2018 KAP Fish_Spo,Date,-1,-1,11-21-2018 LCA Fish_Spo,Date,-1,-1,11-7-2018 CYP Fish_Spo,Date,-1,-1;Time "Time" true true false 10 Text 0 0,First,#,01-04-19 CYP Fish_Spo,Time,0,10,01-07-2019 PAI Fish_Spo,Time,0,10,01-08-2019 WYN Fish_Spo,Time,0,10,08-27-2018 Fish_Spo,Time,0,10,11-16-2018 BOU Fish_Spo,Time,0,10,11-19-2018 WYN Fish_Spo,Time,0,10,11-20-2018 CLR Fish_Spo,Time,0,10,11-20-2018 KAP Fish_Spo,Time,0,10,11-21-2018 LCA Fish_Spo,Time,0,10,11-7-2018 CYP Fish_Spo,Time,0,10;Channel_ID "Channel_ID" true true false 60 Text 0 0,First,#,01-04-19 CYP Fish_Spo,Channel_ID,0,60,01-07-2019 PAI Fish_Spo,Channel_ID,0,60,01-08-2019 WYN Fish_Spo,Channel_ID,0,60,03-26-2018 Fish_Spo,Channel_ID,0,60,04-23-2018 Fish_Spo,Channel_ID,0,60,06-20-2018 Fish_Spo,Channel_ID,0,60,07-02-2018 Fish_Spo,Channel_ID,0,60,07-03-2018 Fish_Spo,Channel_ID,0,60,07-17-2018 Fish_Spo,Channel_ID,0,60,08-13-2018 WYN_Fish_Spo,Channel_ID,0,60,08-22-2018 WYN_Fish_Spo,Channel_ID,0,60,08-27-2018 Fish_Spo,Channel_ID,0,60,11-16-2018 BOU Fish_Spo,Channel_ID,0,60,11-19-2018 WYN Fish_Spo,Channel_ID,0,60,11-20-2018 CLR Fish_Spo,Channel_ID,0,60,11-20-2018 KAP Fish_Spo,Channel_ID,0,60,11-21-2018 LCA Fish_Spo,Channel_ID,0,60,11-7-2018 CYP Fish_Spo,Channel_ID,0,60;Habitat_Ty "Habitat_Ty" true true false 60 Text 0 0,First,#,01-04-19 CYP Fish_Spo,Habitat_Ty,0,60,01-07-2019 PAI Fish_Spo,Habitat_Ty,0,60,01-08-2019 WYN Fish_Spo,Habitat_Ty,0,60,01-26-2018 Fish_Spo,Habitat_Ty,0,60,02-22-2018 LCA Fish_Spo,Habitat_Ty,0,60,03-26-2018 Fish_Spo,Habitat_Ty,0,60,04-23-2018 Fish_Spo,Habitat_Ty,0,60,06-20-2018 Fish_Spo,Habitat_Ty,0,60,07-02-2018 Fish_Spo,Habitat_Ty,0,60,07-03-2018 Fish_Spo,Habitat_Ty,0,60,07-17-2018 Fish_Spo,Habitat_Ty,0,60,08-13-2018 WYN_Fish_Spo,Habitat_Ty,0,60,08-22-2018 WYN_Fish_Spo,Habitat_Ty,0,60,08-27-2018 Fish_Spo,Habitat_Ty,0,60,11-16-2018 BOU Fish_Spo,Habitat_Ty,0,60,11-19-2018 WYN Fish_Spo,Habitat_Ty,0,60,11-20-2018 CLR Fish_Spo,Habitat_Ty,0,60,11-20-2018 KAP Fish_Spo,Habitat_Ty,0,60,11-21-2018 LCA Fish_Spo,Habitat_Ty,0,60,11-7-2018 CYP Fish_Spo,Habitat_Ty,0,60;Habitat_Fe "Habitat_Fe" true true false 9 Long 0 9,First,#,01-04-19 CYP Fish_Spo,Habitat_Fe,-1,-1,01-07-2019 PAI Fish_Spo,Habitat_Fe,-1,-1,01-08-2019 WYN Fish_Spo,Habitat_Fe,-1,-1,01-26-2018 Fish_Spo,Habitat_Fe,-1,-1,02-22-2018 LCA Fish_Spo,Habitat_Fe,-1,-1,03-26-2018 Fish_Spo,Habitat_Fe,-1,-1,04-23-2018 Fish_Spo,Habitat_Fe,-1,-1,06-20-2018 Fish_Spo,Habitat_Fe,-1,-1,07-02-2018 Fish_Spo,Habitat_Fe,-1,-1,07-03-2018 Fish_Spo,Habitat_Fe,-1,-1,07-17-2018 Fish_Spo,Habitat_Fe,-1,-1,08-13-2018 WYN_Fish_Spo,Habitat_Fe,-1,-1,08-22-2018 WYN_Fish_Spo,Habitat_Fe,-1,-1,08-27-2018 Fish_Spo,Habitat_Fe,-1,-1,11-16-2018 BOU Fish_Spo,Habitat_Fe,-1,-1,11-19-2018 WYN Fish_Spo,Habitat_Fe,-1,-1,11-20-2018 CLR Fish_Spo,Habitat_Fe,-1,-1,11-20-2018 KAP Fish_Spo,Habitat_Fe,-1,-1,11-21-2018 LCA Fish_Spo,Habitat_Fe,-1,-1,11-7-2018 CYP Fish_Spo,Habitat_Fe,-1,-1;Visibility "Visibility" true true false 8 Float 1 7,First,#,01-04-19 CYP Fish_Spo,Visibility,-1,-1,01-07-2019 PAI Fish_Spo,Visibility,-1,-1,01-08-2019 WYN Fish_Spo,Visibility,-1,-1,02-22-2018 LCA Fish_Spo,Visibility,-1,-1,03-26-2018 Fish_Spo,Visibility,-1,-1,04-23-2018 Fish_Spo,Visibility,-1,-1,06-20-2018 Fish_Spo,Visibility,-1,-1,07-02-2018 Fish_Spo,Visibility,-1,-1,07-03-2018 Fish_Spo,Visibility,-1,-1,07-17-2018 Fish_Spo,Visibility,-1,-1,08-13-2018 WYN_Fish_Spo,Visibility,-1,-1,08-22-2018 WYN_Fish_Spo,Visibility,-1,-1,08-27-2018 Fish_Spo,Visibility,-1,-1,11-16-2018 BOU Fish_Spo,Visibility,-1,-1,11-19-2018 WYN Fish_Spo,Visibility,-1,-1,11-20-2018 CLR Fish_Spo,Visibility,-1,-1,11-20-2018 KAP Fish_Spo,Visibility,-1,-1,11-21-2018 LCA Fish_Spo,Visibility,-1,-1,11-7-2018 CYP Fish_Spo,Visibility,-1,-1;Depth "Depth" true true false 9 Double 2 8,First,#,01-04-19 CYP Fish_Spo,Depth,-1,-1,01-07-2019 PAI Fish_Spo,Depth,-1,-1,01-08-2019 WYN Fish_Spo,Depth,-1,-1,01-26-2018 Fish_Spo,Depth,-1,-1,02-22-2018 LCA Fish_Spo,Depth,-1,-1,03-26-2018 Fish_Spo,Depth,-1,-1,04-23-2018 Fish_Spo,Depth,-1,-1,06-20-2018 Fish_Spo,Depth,-1,-1,07-02-2018 Fish_Spo,Depth,-1,-1,07-03-2018 Fish_Spo,Depth,-1,-1,07-17-2018 Fish_Spo,Depth,-1,-1,08-13-2018 WYN_Fish_Spo,Depth,-1,-1,08-22-2018 WYN_Fish_Spo,Depth,-1,-1,08-27-2018 Fish_Spo,Depth,-1,-1,11-16-2018 BOU Fish_Spo,Depth,-1,-1,11-19-2018 WYN Fish_Spo,Depth,-1,-1,11-20-2018 CLR Fish_Spo,Depth,-1,-1,11-20-2018 KAP Fish_Spo,Depth,-1,-1,11-21-2018 LCA Fish_Spo,Depth,-1,-1,11-7-2018 CYP Fish_Spo,Depth,-1,-1;Distance_t "Distance_t" true true false 8 Float 2 7,First,#,01-04-19 CYP Fish_Spo,Distance_t,-1,-1,01-07-2019 PAI Fish_Spo,Distance_t,-1,-1,01-08-2019 WYN Fish_Spo,Distance_t,-1,-1,01-26-2018 Fish_Spo,Distance_t,-1,-1,02-22-2018 LCA Fish_Spo,Distance_t,-1,-1,03-26-2018 Fish_Spo,Distance_t,-1,-1,04-23-2018 Fish_Spo,Distance_t,-1,-1,06-20-2018 Fish_Spo,Distance_t,-1,-1,07-02-2018 Fish_Spo,Distance_t,-1,-1,07-03-2018 Fish_Spo,Distance_t,-1,-1,07-17-2018 Fish_Spo,Distance_t,-1,-1,08-13-2018 WYN_Fish_Spo,Distance_t,-1,-1,08-22-2018 WYN_Fish_Spo,Distance_t,-1,-1,08-27-2018 Fish_Spo,Distance_t,-1,-1,11-16-2018 BOU Fish_Spo,Distance_t,-1,-1,11-19-2018 WYN Fish_Spo,Distance_t,-1,-1,11-20-2018 CLR Fish_Spo,Distance_t,-1,-1,11-20-2018 KAP Fish_Spo,Distance_t,-1,-1,11-21-2018 LCA Fish_Spo,Distance_t,-1,-1,11-7-2018 CYP Fish_Spo,Distance_t,-1,-1;Distance_2 "Distance_2" true true false 8 Float 2 7,First,#,01-04-19 CYP Fish_Spo,Distance_2,-1,-1,01-07-2019 PAI Fish_Spo,Distance_2,-1,-1,01-08-2019 WYN Fish_Spo,Distance_2,-1,-1,01-26-2018 Fish_Spo,Distance_2,-1,-1,02-22-2018 LCA Fish_Spo,Distance_2,-1,-1,03-26-2018 Fish_Spo,Distance_2,-1,-1,04-23-2018 Fish_Spo,Distance_2,-1,-1,06-20-2018 Fish_Spo,Distance_2,-1,-1,07-02-2018 Fish_Spo,Distance_2,-1,-1,07-03-2018 Fish_Spo,Distance_2,-1,-1,07-17-2018 Fish_Spo,Distance_2,-1,-1,08-13-2018 WYN_Fish_Spo,Distance_2,-1,-1,08-22-2018 WYN_Fish_Spo,Distance_2,-1,-1,08-27-2018 Fish_Spo,Distance_2,-1,-1,11-16-2018 BOU Fish_Spo,Distance_2,-1,-1,11-19-2018 WYN Fish_Spo,Distance_2,-1,-1,11-20-2018 CLR Fish_Spo,Distance_2,-1,-1,11-20-2018 KAP Fish_Spo,Distance_2,-1,-1,11-21-2018 LCA Fish_Spo,Distance_2,-1,-1,11-7-2018 CYP Fish_Spo,Distance_2,-1,-1;Cover_Type "Cover_Type" true true false 60 Text 0 0,First,#,01-04-19 CYP Fish_Spo,Cover_Type,0,60,01-07-2019 PAI Fish_Spo,Cover_Type,0,60,01-08-2019 WYN Fish_Spo,Cover_Type,0,60,01-26-2018 Fish_Spo,Cover_Type,0,60,02-22-2018 LCA Fish_Spo,Cover_Type,0,60,03-26-2018 Fish_Spo,Cover_Type,0,60,04-23-2018 Fish_Spo,Cover_Type,0,60,06-20-2018 Fish_Spo,Cover_Type,0,60,07-02-2018 Fish_Spo,Cover_Type,0,60,07-03-2018 Fish_Spo,Cover_Type,0,60,07-17-2018 Fish_Spo,Cover_Type,0,60,08-13-2018 WYN_Fish_Spo,Cover_Type,0,60,08-22-2018 WYN_Fish_Spo,Cover_Type,0,60,08-27-2018 Fish_Spo,Cover_Type,0,60,11-16-2018 BOU Fish_Spo,Cover_Type,0,60,11-19-2018 WYN Fish_Spo,Cover_Type,0,60,11-20-2018 CLR Fish_Spo,Cover_Type,0,60,11-20-2018 KAP Fish_Spo,Cover_Type,0,60,11-21-2018 LCA Fish_Spo,Cover_Type,0,60,11-7-2018 CYP Fish_Spo,Cover_Type,0,60;Unembedded "Unembedded" true true false 60 Text 0 0,First,#,01-04-19 CYP Fish_Spo,Unembedded,0,60,01-07-2019 PAI Fish_Spo,Unembedded,0,60,01-08-2019 WYN Fish_Spo,Unembedded,0,60,03-26-2018 Fish_Spo,Unembedded,0,60,04-23-2018 Fish_Spo,Unembedded,0,60,06-20-2018 Fish_Spo,Unembedded,0,60,07-02-2018 Fish_Spo,Unembedded,0,60,07-03-2018 Fish_Spo,Unembedded,0,60,07-17-2018 Fish_Spo,Unembedded,0,60,08-13-2018 WYN_Fish_Spo,Unembedded,0,60,08-22-2018 WYN_Fish_Spo,Unembedded,0,60,08-27-2018 Fish_Spo,Unembedded,0,60,11-16-2018 BOU Fish_Spo,Unembedded,0,60,11-19-2018 WYN Fish_Spo,Unembedded,0,60,11-20-2018 CLR Fish_Spo,Unembedded,0,60,11-20-2018 KAP Fish_Spo,Unembedded,0,60,11-21-2018 LCA Fish_Spo,Unembedded,0,60,11-7-2018 CYP Fish_Spo,Unembedded,0,60;Ft__to_Cob "Ft__to_Cob" true true false 19 Double 2 18,First,#,01-04-19 CYP Fish_Spo,Ft__to_Cob,-1,-1,01-07-2019 PAI Fish_Spo,Ft__to_Cob,-1,-1,01-08-2019 WYN Fish_Spo,Ft__to_Cob,-1,-1,03-26-2018 Fish_Spo,Ft__to_Cob,-1,-1,04-23-2018 Fish_Spo,Ft__to_Cob,-1,-1,06-20-2018 Fish_Spo,Ft__to_Cob,-1,-1,07-02-2018 Fish_Spo,Ft__to_Cob,-1,-1,07-03-2018 Fish_Spo,Ft__to_Cob,-1,-1,07-17-2018 Fish_Spo,Ft__to_Cob,-1,-1,08-13-2018 WYN_Fish_Spo,Ft__to_Cob,-1,-1,08-22-2018 WYN_Fish_Spo,Ft__to_Cob,-1,-1,08-27-2018 Fish_Spo,Ft__to_Cob,-1,-1,11-16-2018 BOU Fish_Spo,Ft__to_Cob,-1,-1,11-19-2018 WYN Fish_Spo,Ft__to_Cob,-1,-1,11-20-2018 CLR Fish_Spo,Ft__to_Cob,-1,-1,11-20-2018 KAP Fish_Spo,Ft__to_Cob,-1,-1,11-21-2018 LCA Fish_Spo,Ft__to_Cob,-1,-1,11-7-2018 CYP Fish_Spo,Ft__to_Cob,-1,-1;Velocity "Velocity" true true false 12 Double 2 11,First,#,01-04-19 CYP Fish_Spo,Velocity,-1,-1,01-07-2019 PAI Fish_Spo,Velocity,-1,-1,01-08-2019 WYN Fish_Spo,Velocity,-1,-1,01-26-2018 Fish_Spo,Velocity,-1,-1,02-22-2018 LCA Fish_Spo,Velocity,-1,-1,03-26-2018 Fish_Spo,Velocity,-1,-1,04-23-2018 Fish_Spo,Velocity,-1,-1,06-20-2018 Fish_Spo,Velocity,-1,-1,07-02-2018 Fish_Spo,Velocity,-1,-1,07-03-2018 Fish_Spo,Velocity,-1,-1,07-17-2018 Fish_Spo,Velocity,-1,-1,08-13-2018 WYN_Fish_Spo,Velocity,-1,-1,08-22-2018 WYN_Fish_Spo,Velocity,-1,-1,08-27-2018 Fish_Spo,Velocity,-1,-1,11-16-2018 BOU Fish_Spo,Velocity,-1,-1,11-19-2018 WYN Fish_Spo,Velocity,-1,-1,11-20-2018 CLR Fish_Spo,Velocity,-1,-1,11-20-2018 KAP Fish_Spo,Velocity,-1,-1,11-21-2018 LCA Fish_Spo,Velocity,-1,-1,11-7-2018 CYP Fish_Spo,Velocity,-1,-1;Substrate "Substrate" true true false 60 Text 0 0,First,#,01-04-19 CYP Fish_Spo,Substrate,0,60,01-07-2019 PAI Fish_Spo,Substrate,0,60,01-08-2019 WYN Fish_Spo,Substrate,0,60,01-26-2018 Fish_Spo,Substrate,0,60,02-22-2018 LCA Fish_Spo,Substrate,0,60,03-26-2018 Fish_Spo,Substrate,0,60,04-23-2018 Fish_Spo,Substrate,0,60,06-20-2018 Fish_Spo,Substrate,0,60,07-02-2018 Fish_Spo,Substrate,0,60,07-03-2018 Fish_Spo,Substrate,0,60,07-17-2018 Fish_Spo,Substrate,0,60,08-13-2018 WYN_Fish_Spo,Substrate,0,60,08-22-2018 WYN_Fish_Spo,Substrate,0,60,08-27-2018 Fish_Spo,Substrate,0,60,11-16-2018 BOU Fish_Spo,Substrate,0,60,11-19-2018 WYN Fish_Spo,Substrate,0,60,11-20-2018 CLR Fish_Spo,Substrate,0,60,11-20-2018 KAP Fish_Spo,Substrate,0,60,11-21-2018 LCA Fish_Spo,Substrate,0,60,11-7-2018 CYP Fish_Spo,Substrate,0,60;Fish_Type "Fish_Type" true true false 60 Text 0 0,First,#,01-04-19 CYP Fish_Spo,Fish_Type,0,60,01-07-2019 PAI Fish_Spo,Fish_Type,0,60,01-08-2019 WYN Fish_Spo,Fish_Type,0,60,01-26-2018 Fish_Spo,Fish_Type,0,60,02-22-2018 LCA Fish_Spo,Fish_Type,0,60,03-26-2018 Fish_Spo,Fish_Type,0,60,04-23-2018 Fish_Spo,Fish_Type,0,60,06-20-2018 Fish_Spo,Fish_Type,0,60,07-02-2018 Fish_Spo,Fish_Type,0,60,07-03-2018 Fish_Spo,Fish_Type,0,60,07-17-2018 Fish_Spo,Fish_Type,0,60,08-13-2018 WYN_Fish_Spo,Fish_Type,0,60,08-22-2018 WYN_Fish_Spo,Fish_Type,0,60,08-27-2018 Fish_Spo,Fish_Type,0,60,11-16-2018 BOU Fish_Spo,Fish_Type,0,60,11-19-2018 WYN Fish_Spo,Fish_Type,0,60,11-20-2018 CLR Fish_Spo,Fish_Type,0,60,11-20-2018 KAP Fish_Spo,Fish_Type,0,60,11-21-2018 LCA Fish_Spo,Fish_Type,0,60,11-7-2018 CYP Fish_Spo,Fish_Type,0,60;Size_of_Fi "Size_of_Fi" true true false 60 Text 0 0,First,#,01-04-19 CYP Fish_Spo,Size_of_Fi,0,60,01-07-2019 PAI Fish_Spo,Size_of_Fi,0,60,01-08-2019 WYN Fish_Spo,Size_of_Fi,0,60,01-26-2018 Fish_Spo,Size_of_Fi,0,60,02-22-2018 LCA Fish_Spo,Size_of_Fi,0,60,03-26-2018 Fish_Spo,Size_of_Fi,0,60,04-23-2018 Fish_Spo,Size_of_Fi,0,60,06-20-2018 Fish_Spo,Size_of_Fi,0,60,07-02-2018 Fish_Spo,Size_of_Fi,0,60,07-03-2018 Fish_Spo,Size_of_Fi,0,60,07-17-2018 Fish_Spo,Size_of_Fi,0,60,08-13-2018 WYN_Fish_Spo,Size_of_Fi,0,60,08-22-2018 WYN_Fish_Spo,Size_of_Fi,0,60,08-27-2018 Fish_Spo,Size_of_Fi,0,60,11-16-2018 BOU Fish_Spo,Size_of_Fi,0,60,11-19-2018 WYN Fish_Spo,Size_of_Fi,0,60,11-20-2018 CLR Fish_Spo,Size_of_Fi,0,60,11-20-2018 KAP Fish_Spo,Size_of_Fi,0,60,11-21-2018 LCA Fish_Spo,Size_of_Fi,0,60,11-7-2018 CYP Fish_Spo,Size_of_Fi,0,60;__of_Fish_ "__of_Fish_" true true false 8 Long 0 8,First,#,01-04-19 CYP Fish_Spo,__of_Fish_,-1,-1,01-07-2019 PAI Fish_Spo,__of_Fish_,-1,-1,01-08-2019 WYN Fish_Spo,__of_Fish_,-1,-1,01-26-2018 Fish_Spo,__of_Fish_,-1,-1,02-22-2018 LCA Fish_Spo,__of_Fish_,-1,-1,03-26-2018 Fish_Spo,__of_Fish_,-1,-1,04-23-2018 Fish_Spo,__of_Fish_,-1,-1,06-20-2018 Fish_Spo,__of_Fish_,-1,-1,07-02-2018 Fish_Spo,__of_Fish_,-1,-1,07-03-2018 Fish_Spo,__of_Fish_,-1,-1,07-17-2018 Fish_Spo,__of_Fish_,-1,-1,08-13-2018 WYN_Fish_Spo,__of_Fish_,-1,-1,08-22-2018 WYN_Fish_Spo,__of_Fish_,-1,-1,08-27-2018 Fish_Spo,__of_Fish_,-1,-1,11-16-2018 BOU Fish_Spo,__of_Fish_,-1,-1,11-19-2018 WYN Fish_Spo,__of_Fish_,-1,-1,11-20-2018 CLR Fish_Spo,__of_Fish_,-1,-1,11-20-2018 KAP Fish_Spo,__of_Fish_,-1,-1,11-21-2018 LCA Fish_Spo,__of_Fish_,-1,-1,11-7-2018 CYP Fish_Spo,__of_Fish_,-1,-1;Comments "Comments" true true false 100 Text 0 0,First,#,01-04-19 CYP Fish_Spo,Comments,0,100,01-07-2019 PAI Fish_Spo,Comments,0,100,01-08-2019 WYN Fish_Spo,Comments,0,100,03-26-2018 Fish_Spo,Comments,0,100,04-23-2018 Fish_Spo,Comments,0,100,06-20-2018 Fish_Spo,Comments,0,100,07-02-2018 Fish_Spo,Comments,0,100,07-03-2018 Fish_Spo,Comments,0,100,07-17-2018 Fish_Spo,Comments,0,100,08-13-2018 WYN_Fish_Spo,Comments,0,100,08-22-2018 WYN_Fish_Spo,Comments,0,100,08-27-2018 Fish_Spo,Comments,0,100,11-16-2018 BOU Fish_Spo,Comments,0,100,11-19-2018 WYN Fish_Spo,Comments,0,100,11-20-2018 CLR Fish_Spo,Comments,0,100,11-20-2018 KAP Fish_Spo,Comments,0,100,11-21-2018 LCA Fish_Spo,Comments,0,100,11-7-2018 CYP Fish_Spo,Comments,0,100;Max_PDOP "Max_PDOP" true true false 5 Float 1 4,First,#,01-04-19 CYP Fish_Spo,Max_PDOP,-1,-1,01-07-2019 PAI Fish_Spo,Max_PDOP,-1,-1,01-08-2019 WYN Fish_Spo,Max_PDOP,-1,-1,01-26-2018 Fish_Spo,Max_PDOP,-1,-1,02-22-2018 LCA Fish_Spo,Max_PDOP,-1,-1,03-26-2018 Fish_Spo,Max_PDOP,-1,-1,04-23-2018 Fish_Spo,Max_PDOP,-1,-1,06-20-2018 Fish_Spo,Max_PDOP,-1,-1,07-02-2018 Fish_Spo,Max_PDOP,-1,-1,07-03-2018 Fish_Spo,Max_PDOP,-1,-1,07-17-2018 Fish_Spo,Max_PDOP,-1,-1,08-13-2018 WYN_Fish_Spo,Max_PDOP,-1,-1,08-22-2018 WYN_Fish_Spo,Max_PDOP,-1,-1,08-27-2018 Fish_Spo,Max_PDOP,-1,-1,11-16-2018 BOU Fish_Spo,Max_PDOP,-1,-1,11-19-2018 WYN Fish_Spo,Max_PDOP,-1,-1,11-20-2018 CLR Fish_Spo,Max_PDOP,-1,-1,11-20-2018 KAP Fish_Spo,Max_PDOP,-1,-1,11-21-2018 LCA Fish_Spo,Max_PDOP,-1,-1,11-7-2018 CYP Fish_Spo,Max_PDOP,-1,-1;Max_HDOP "Max_HDOP" true true false 5 Float 1 4,First,#,01-04-19 CYP Fish_Spo,Max_HDOP,-1,-1,01-07-2019 PAI Fish_Spo,Max_HDOP,-1,-1,01-08-2019 WYN Fish_Spo,Max_HDOP,-1,-1,01-26-2018 Fish_Spo,Max_HDOP,-1,-1,02-22-2018 LCA Fish_Spo,Max_HDOP,-1,-1,03-26-2018 Fish_Spo,Max_HDOP,-1,-1,04-23-2018 Fish_Spo,Max_HDOP,-1,-1,06-20-2018 Fish_Spo,Max_HDOP,-1,-1,07-02-2018 Fish_Spo,Max_HDOP,-1,-1,07-03-2018 Fish_Spo,Max_HDOP,-1,-1,07-17-2018 Fish_Spo,Max_HDOP,-1,-1,08-13-2018 WYN_Fish_Spo,Max_HDOP,-1,-1,08-22-2018 WYN_Fish_Spo,Max_HDOP,-1,-1,08-27-2018 Fish_Spo,Max_HDOP,-1,-1,11-16-2018 BOU Fish_Spo,Max_HDOP,-1,-1,11-19-2018 WYN Fish_Spo,Max_HDOP,-1,-1,11-20-2018 CLR Fish_Spo,Max_HDOP,-1,-1,11-20-2018 KAP Fish_Spo,Max_HDOP,-1,-1,11-21-2018 LCA Fish_Spo,Max_HDOP,-1,-1,11-7-2018 CYP Fish_Spo,Max_HDOP,-1,-1;Corr_Type "Corr_Type" true true false 36 Text 0 0,First,#,01-04-19 CYP Fish_Spo,Corr_Type,0,36,01-07-2019 PAI Fish_Spo,Corr_Type,0,36,01-08-2019 WYN Fish_Spo,Corr_Type,0,36,01-26-2018 Fish_Spo,Corr_Type,0,36,02-22-2018 LCA Fish_Spo,Corr_Type,0,36,03-26-2018 Fish_Spo,Corr_Type,0,36,04-23-2018 Fish_Spo,Corr_Type,0,36,06-20-2018 Fish_Spo,Corr_Type,0,36,07-02-2018 Fish_Spo,Corr_Type,0,36,07-03-2018 Fish_Spo,Corr_Type,0,36,07-17-2018 Fish_Spo,Corr_Type,0,36,08-13-2018 WYN_Fish_Spo,Corr_Type,0,36,08-22-2018 WYN_Fish_Spo,Corr_Type,0,36,08-27-2018 Fish_Spo,Corr_Type,0,36,11-16-2018 BOU Fish_Spo,Corr_Type,0,36,11-19-2018 WYN Fish_Spo,Corr_Type,0,36,11-20-2018 CLR Fish_Spo,Corr_Type,0,36,11-20-2018 KAP Fish_Spo,Corr_Type,0,36,11-21-2018 LCA Fish_Spo,Corr_Type,0,36,11-7-2018 CYP Fish_Spo,Corr_Type,0,36;Rcvr_Type "Rcvr_Type" true true false 36 Text 0 0,First,#,01-04-19 CYP Fish_Spo,Rcvr_Type,0,36,01-07-2019 PAI Fish_Spo,Rcvr_Type,0,36,01-08-2019 WYN Fish_Spo,Rcvr_Type,0,36,01-26-2018 Fish_Spo,Rcvr_Type,0,36,02-22-2018 LCA Fish_Spo,Rcvr_Type,0,36,03-26-2018 Fish_Spo,Rcvr_Type,0,36,04-23-2018 Fish_Spo,Rcvr_Type,0,36,06-20-2018 Fish_Spo,Rcvr_Type,0,36,07-02-2018 Fish_Spo,Rcvr_Type,0,36,07-03-2018 Fish_Spo,Rcvr_Type,0,36,07-17-2018 Fish_Spo,Rcvr_Type,0,36,08-13-2018 WYN_Fish_Spo,Rcvr_Type,0,36,08-22-2018 WYN_Fish_Spo,Rcvr_Type,0,36,08-27-2018 Fish_Spo,Rcvr_Type,0,36,11-16-2018 BOU Fish_Spo,Rcvr_Type,0,36,11-19-2018 WYN Fish_Spo,Rcvr_Type,0,36,11-20-2018 CLR Fish_Spo,Rcvr_Type,0,36,11-20-2018 KAP Fish_Spo,Rcvr_Type,0,36,11-21-2018 LCA Fish_Spo,Rcvr_Type,0,36,11-7-2018 CYP Fish_Spo,Rcvr_Type,0,36;GPS_Date "GPS_Date" true true false 8 Date 0 0,First,#,01-04-19 CYP Fish_Spo,GPS_Date,-1,-1,01-07-2019 PAI Fish_Spo,GPS_Date,-1,-1,01-08-2019 WYN Fish_Spo,GPS_Date,-1,-1,01-26-2018 Fish_Spo,GPS_Date,-1,-1,02-22-2018 LCA Fish_Spo,GPS_Date,-1,-1,03-26-2018 Fish_Spo,GPS_Date,-1,-1,04-23-2018 Fish_Spo,GPS_Date,-1,-1,06-20-2018 Fish_Spo,GPS_Date,-1,-1,07-02-2018 Fish_Spo,GPS_Date,-1,-1,07-03-2018 Fish_Spo,GPS_Date,-1,-1,07-17-2018 Fish_Spo,GPS_Date,-1,-1,08-13-2018 WYN_Fish_Spo,GPS_Date,-1,-1,08-22-2018 WYN_Fish_Spo,GPS_Date,-1,-1,08-27-2018 Fish_Spo,GPS_Date,-1,-1,11-16-2018 BOU Fish_Spo,GPS_Date,-1,-1,11-19-2018 WYN Fish_Spo,GPS_Date,-1,-1,11-20-2018 CLR Fish_Spo,GPS_Date,-1,-1,11-20-2018 KAP Fish_Spo,GPS_Date,-1,-1,11-21-2018 LCA Fish_Spo,GPS_Date,-1,-1,11-7-2018 CYP Fish_Spo,GPS_Date,-1,-1;GPS_Time "GPS_Time" true true false 10 Text 0 0,First,#,01-04-19 CYP Fish_Spo,GPS_Time,0,10,01-07-2019 PAI Fish_Spo,GPS_Time,0,10,01-08-2019 WYN Fish_Spo,GPS_Time,0,10,01-26-2018 Fish_Spo,GPS_Time,0,10,02-22-2018 LCA Fish_Spo,GPS_Time,0,10,03-26-2018 Fish_Spo,GPS_Time,0,10,04-23-2018 Fish_Spo,GPS_Time,0,10,06-20-2018 Fish_Spo,GPS_Time,0,10,07-02-2018 Fish_Spo,GPS_Time,0,10,07-03-2018 Fish_Spo,GPS_Time,0,10,07-17-2018 Fish_Spo,GPS_Time,0,10,08-13-2018 WYN_Fish_Spo,GPS_Time,0,10,08-22-2018 WYN_Fish_Spo,GPS_Time,0,10,08-27-2018 Fish_Spo,GPS_Time,0,10,11-16-2018 BOU Fish_Spo,GPS_Time,0,10,11-19-2018 WYN Fish_Spo,GPS_Time,0,10,11-20-2018 CLR Fish_Spo,GPS_Time,0,10,11-20-2018 KAP Fish_Spo,GPS_Time,0,10,11-21-2018 LCA Fish_Spo,GPS_Time,0,10,11-7-2018 CYP Fish_Spo,GPS_Time,0,10;Update_Sta "Update_Sta" true true false 36 Text 0 0,First,#,01-04-19 CYP Fish_Spo,Update_Sta,0,36,01-07-2019 PAI Fish_Spo,Update_Sta,0,36,01-08-2019 WYN Fish_Spo,Update_Sta,0,36,01-26-2018 Fish_Spo,Update_Sta,0,36,02-22-2018 LCA Fish_Spo,Update_Sta,0,36,03-26-2018 Fish_Spo,Update_Sta,0,36,04-23-2018 Fish_Spo,Update_Sta,0,36,06-20-2018 Fish_Spo,Update_Sta,0,36,07-02-2018 Fish_Spo,Update_Sta,0,36,07-03-2018 Fish_Spo,Update_Sta,0,36,07-17-2018 Fish_Spo,Update_Sta,0,36,08-13-2018 WYN_Fish_Spo,Update_Sta,0,36,08-22-2018 WYN_Fish_Spo,Update_Sta,0,36,08-27-2018 Fish_Spo,Update_Sta,0,36,11-16-2018 BOU Fish_Spo,Update_Sta,0,36,11-19-2018 WYN Fish_Spo,Update_Sta,0,36,11-20-2018 CLR Fish_Spo,Update_Sta,0,36,11-20-2018 KAP Fish_Spo,Update_Sta,0,36,11-21-2018 LCA Fish_Spo,Update_Sta,0,36,11-7-2018 CYP Fish_Spo,Update_Sta,0,36;Feat_Name "Feat_Name" true true false 20 Text 0 0,First,#,01-04-19 CYP Fish_Spo,Feat_Name,0,20,01-07-2019 PAI Fish_Spo,Feat_Name,0,20,01-08-2019 WYN Fish_Spo,Feat_Name,0,20,01-26-2018 Fish_Spo,Feat_Name,0,20,02-22-2018 LCA Fish_Spo,Feat_Name,0,20,03-26-2018 Fish_Spo,Feat_Name,0,20,04-23-2018 Fish_Spo,Feat_Name,0,20,06-20-2018 Fish_Spo,Feat_Name,0,20,07-02-2018 Fish_Spo,Feat_Name,0,20,07-03-2018 Fish_Spo,Feat_Name,0,20,07-17-2018 Fish_Spo,Feat_Name,0,20,08-13-2018 WYN_Fish_Spo,Feat_Name,0,20,08-22-2018 WYN_Fish_Spo,Feat_Name,0,20,08-27-2018 Fish_Spo,Feat_Name,0,20,11-16-2018 BOU Fish_Spo,Feat_Name,0,20,11-19-2018 WYN Fish_Spo,Feat_Name,0,20,11-20-2018 CLR Fish_Spo,Feat_Name,0,20,11-20-2018 KAP Fish_Spo,Feat_Name,0,20,11-21-2018 LCA Fish_Spo,Feat_Name,0,20,11-7-2018 CYP Fish_Spo,Feat_Name,0,20;Datafile "Datafile" true true false 20 Text 0 0,First,#,01-04-19 CYP Fish_Spo,Datafile,0,20,01-07-2019 PAI Fish_Spo,Datafile,0,20,01-08-2019 WYN Fish_Spo,Datafile,0,20,01-26-2018 Fish_Spo,Datafile,0,20,02-22-2018 LCA Fish_Spo,Datafile,0,20,03-26-2018 Fish_Spo,Datafile,0,20,04-23-2018 Fish_Spo,Datafile,0,20,06-20-2018 Fish_Spo,Datafile,0,20,07-02-2018 Fish_Spo,Datafile,0,20,07-03-2018 Fish_Spo,Datafile,0,20,07-17-2018 Fish_Spo,Datafile,0,20,08-13-2018 WYN_Fish_Spo,Datafile,0,20,08-22-2018 WYN_Fish_Spo,Datafile,0,20,08-27-2018 Fish_Spo,Datafile,0,20,11-16-2018 BOU Fish_Spo,Datafile,0,20,11-19-2018 WYN Fish_Spo,Datafile,0,20,11-20-2018 CLR Fish_Spo,Datafile,0,20,11-20-2018 KAP Fish_Spo,Datafile,0,20,11-21-2018 LCA Fish_Spo,Datafile,0,20,11-7-2018 CYP Fish_Spo,Datafile,0,20;Unfilt_Pos "Unfilt_Pos" true true false 10 Long 0 10,First,#,01-04-19 CYP Fish_Spo,Unfilt_Pos,-1,-1,01-07-2019 PAI Fish_Spo,Unfilt_Pos,-1,-1,01-08-2019 WYN Fish_Spo,Unfilt_Pos,-1,-1,01-26-2018 Fish_Spo,Unfilt_Pos,-1,-1,02-22-2018 LCA Fish_Spo,Unfilt_Pos,-1,-1,03-26-2018 Fish_Spo,Unfilt_Pos,-1,-1,04-23-2018 Fish_Spo,Unfilt_Pos,-1,-1,06-20-2018 Fish_Spo,Unfilt_Pos,-1,-1,07-02-2018 Fish_Spo,Unfilt_Pos,-1,-1,07-03-2018 Fish_Spo,Unfilt_Pos,-1,-1,07-17-2018 Fish_Spo,Unfilt_Pos,-1,-1,08-13-2018 WYN_Fish_Spo,Unfilt_Pos,-1,-1,08-22-2018 WYN_Fish_Spo,Unfilt_Pos,-1,-1,08-27-2018 Fish_Spo,Unfilt_Pos,-1,-1,11-16-2018 BOU Fish_Spo,Unfilt_Pos,-1,-1,11-19-2018 WYN Fish_Spo,Unfilt_Pos,-1,-1,11-20-2018 CLR Fish_Spo,Unfilt_Pos,-1,-1,11-20-2018 KAP Fish_Spo,Unfilt_Pos,-1,-1,11-21-2018 LCA Fish_Spo,Unfilt_Pos,-1,-1,11-7-2018 CYP Fish_Spo,Unfilt_Pos,-1,-1;Filt_Pos "Filt_Pos" true true false 10 Long 0 10,First,#,01-04-19 CYP Fish_Spo,Filt_Pos,-1,-1,01-07-2019 PAI Fish_Spo,Filt_Pos,-1,-1,01-08-2019 WYN Fish_Spo,Filt_Pos,-1,-1,01-26-2018 Fish_Spo,Filt_Pos,-1,-1,02-22-2018 LCA Fish_Spo,Filt_Pos,-1,-1,03-26-2018 Fish_Spo,Filt_Pos,-1,-1,04-23-2018 Fish_Spo,Filt_Pos,-1,-1,06-20-2018 Fish_Spo,Filt_Pos,-1,-1,07-02-2018 Fish_Spo,Filt_Pos,-1,-1,07-03-2018 Fish_Spo,Filt_Pos,-1,-1,07-17-2018 Fish_Spo,Filt_Pos,-1,-1,08-13-2018 WYN_Fish_Spo,Filt_Pos,-1,-1,08-22-2018 WYN_Fish_Spo,Filt_Pos,-1,-1,08-27-2018 Fish_Spo,Filt_Pos,-1,-1,11-16-2018 BOU Fish_Spo,Filt_Pos,-1,-1,11-19-2018 WYN Fish_Spo,Filt_Pos,-1,-1,11-20-2018 CLR Fish_Spo,Filt_Pos,-1,-1,11-20-2018 KAP Fish_Spo,Filt_Pos,-1,-1,11-21-2018 LCA Fish_Spo,Filt_Pos,-1,-1,11-7-2018 CYP Fish_Spo,Filt_Pos,-1,-1;Data_Dicti "Data_Dicti" true true false 20 Text 0 0,First,#,01-04-19 CYP Fish_Spo,Data_Dicti,0,20,01-07-2019 PAI Fish_Spo,Data_Dicti,0,20,01-08-2019 WYN Fish_Spo,Data_Dicti,0,20,01-26-2018 Fish_Spo,Data_Dicti,0,20,02-22-2018 LCA Fish_Spo,Data_Dicti,0,20,03-26-2018 Fish_Spo,Data_Dicti,0,20,04-23-2018 Fish_Spo,Data_Dicti,0,20,06-20-2018 Fish_Spo,Data_Dicti,0,20,07-02-2018 Fish_Spo,Data_Dicti,0,20,07-03-2018 Fish_Spo,Data_Dicti,0,20,07-17-2018 Fish_Spo,Data_Dicti,0,20,08-13-2018 WYN_Fish_Spo,Data_Dicti,0,20,08-22-2018 WYN_Fish_Spo,Data_Dicti,0,20,08-27-2018 Fish_Spo,Data_Dicti,0,20,11-16-2018 BOU Fish_Spo,Data_Dicti,0,20,11-19-2018 WYN Fish_Spo,Data_Dicti,0,20,11-20-2018 CLR Fish_Spo,Data_Dicti,0,20,11-20-2018 KAP Fish_Spo,Data_Dicti,0,20,11-21-2018 LCA Fish_Spo,Data_Dicti,0,20,11-7-2018 CYP Fish_Spo,Data_Dicti,0,20;GPS_Week "GPS_Week" true true false 6 Long 0 6,First,#,01-04-19 CYP Fish_Spo,GPS_Week,-1,-1,01-07-2019 PAI Fish_Spo,GPS_Week,-1,-1,01-08-2019 WYN Fish_Spo,GPS_Week,-1,-1,01-26-2018 Fish_Spo,GPS_Week,-1,-1,02-22-2018 LCA Fish_Spo,GPS_Week,-1,-1,03-26-2018 Fish_Spo,GPS_Week,-1,-1,04-23-2018 Fish_Spo,GPS_Week,-1,-1,06-20-2018 Fish_Spo,GPS_Week,-1,-1,07-02-2018 Fish_Spo,GPS_Week,-1,-1,07-03-2018 Fish_Spo,GPS_Week,-1,-1,07-17-2018 Fish_Spo,GPS_Week,-1,-1,08-13-2018 WYN_Fish_Spo,GPS_Week,-1,-1,08-22-2018 WYN_Fish_Spo,GPS_Week,-1,-1,08-27-2018 Fish_Spo,GPS_Week,-1,-1,11-16-2018 BOU Fish_Spo,GPS_Week,-1,-1,11-19-2018 WYN Fish_Spo,GPS_Week,-1,-1,11-20-2018 CLR Fish_Spo,GPS_Week,-1,-1,11-20-2018 KAP Fish_Spo,GPS_Week,-1,-1,11-21-2018 LCA Fish_Spo,GPS_Week,-1,-1,11-7-2018 CYP Fish_Spo,GPS_Week,-1,-1;GPS_Second "GPS_Second" true true false 12 Double 3 11,First,#,01-04-19 CYP Fish_Spo,GPS_Second,-1,-1,01-07-2019 PAI Fish_Spo,GPS_Second,-1,-1,01-08-2019 WYN Fish_Spo,GPS_Second,-1,-1,01-26-2018 Fish_Spo,GPS_Second,-1,-1,02-22-2018 LCA Fish_Spo,GPS_Second,-1,-1,03-26-2018 Fish_Spo,GPS_Second,-1,-1,04-23-2018 Fish_Spo,GPS_Second,-1,-1,06-20-2018 Fish_Spo,GPS_Second,-1,-1,07-02-2018 Fish_Spo,GPS_Second,-1,-1,07-03-2018 Fish_Spo,GPS_Second,-1,-1,07-17-2018 Fish_Spo,GPS_Second,-1,-1,08-13-2018 WYN_Fish_Spo,GPS_Second,-1,-1,08-22-2018 WYN_Fish_Spo,GPS_Second,-1,-1,08-27-2018 Fish_Spo,GPS_Second,-1,-1,11-16-2018 BOU Fish_Spo,GPS_Second,-1,-1,11-19-2018 WYN Fish_Spo,GPS_Second,-1,-1,11-20-2018 CLR Fish_Spo,GPS_Second,-1,-1,11-20-2018 KAP Fish_Spo,GPS_Second,-1,-1,11-21-2018 LCA Fish_Spo,GPS_Second,-1,-1,11-7-2018 CYP Fish_Spo,GPS_Second,-1,-1;GNSS_Heigh "GNSS_Heigh" true true false 16 Double 3 15,First,#,01-04-19 CYP Fish_Spo,GNSS_Heigh,-1,-1,01-07-2019 PAI Fish_Spo,GNSS_Heigh,-1,-1,01-08-2019 WYN Fish_Spo,GNSS_Heigh,-1,-1,01-26-2018 Fish_Spo,GNSS_Heigh,-1,-1,02-22-2018 LCA Fish_Spo,GNSS_Heigh,-1,-1,03-26-2018 Fish_Spo,GNSS_Heigh,-1,-1,04-23-2018 Fish_Spo,GNSS_Heigh,-1,-1,06-20-2018 Fish_Spo,GNSS_Heigh,-1,-1,07-02-2018 Fish_Spo,GNSS_Heigh,-1,-1,07-03-2018 Fish_Spo,GNSS_Heigh,-1,-1,07-17-2018 Fish_Spo,GNSS_Heigh,-1,-1,08-13-2018 WYN_Fish_Spo,GNSS_Heigh,-1,-1,08-22-2018 WYN_Fish_Spo,GNSS_Heigh,-1,-1,08-27-2018 Fish_Spo,GNSS_Heigh,-1,-1,11-16-2018 BOU Fish_Spo,GNSS_Heigh,-1,-1,11-19-2018 WYN Fish_Spo,GNSS_Heigh,-1,-1,11-20-2018 CLR Fish_Spo,GNSS_Heigh,-1,-1,11-20-2018 KAP Fish_Spo,GNSS_Heigh,-1,-1,11-21-2018 LCA Fish_Spo,GNSS_Heigh,-1,-1,11-7-2018 CYP Fish_Spo,GNSS_Heigh,-1,-1;Vert_Prec "Vert_Prec" true true false 16 Double 1 15,First,#,01-04-19 CYP Fish_Spo,Vert_Prec,-1,-1,01-07-2019 PAI Fish_Spo,Vert_Prec,-1,-1,01-08-2019 WYN Fish_Spo,Vert_Prec,-1,-1,01-26-2018 Fish_Spo,Vert_Prec,-1,-1,02-22-2018 LCA Fish_Spo,Vert_Prec,-1,-1,03-26-2018 Fish_Spo,Vert_Prec,-1,-1,04-23-2018 Fish_Spo,Vert_Prec,-1,-1,06-20-2018 Fish_Spo,Vert_Prec,-1,-1,07-02-2018 Fish_Spo,Vert_Prec,-1,-1,07-03-2018 Fish_Spo,Vert_Prec,-1,-1,07-17-2018 Fish_Spo,Vert_Prec,-1,-1,08-13-2018 WYN_Fish_Spo,Vert_Prec,-1,-1,08-22-2018 WYN_Fish_Spo,Vert_Prec,-1,-1,08-27-2018 Fish_Spo,Vert_Prec,-1,-1,11-16-2018 BOU Fish_Spo,Vert_Prec,-1,-1,11-19-2018 WYN Fish_Spo,Vert_Prec,-1,-1,11-20-2018 CLR Fish_Spo,Vert_Prec,-1,-1,11-20-2018 KAP Fish_Spo,Vert_Prec,-1,-1,11-21-2018 LCA Fish_Spo,Vert_Prec,-1,-1,11-7-2018 CYP Fish_Spo,Vert_Prec,-1,-1;Horz_Prec "Horz_Prec" true true false 16 Double 1 15,First,#,01-04-19 CYP Fish_Spo,Horz_Prec,-1,-1,01-07-2019 PAI Fish_Spo,Horz_Prec,-1,-1,01-08-2019 WYN Fish_Spo,Horz_Prec,-1,-1,01-26-2018 Fish_Spo,Horz_Prec,-1,-1,02-22-2018 LCA Fish_Spo,Horz_Prec,-1,-1,03-26-2018 Fish_Spo,Horz_Prec,-1,-1,04-23-2018 Fish_Spo,Horz_Prec,-1,-1,06-20-2018 Fish_Spo,Horz_Prec,-1,-1,07-02-2018 Fish_Spo,Horz_Prec,-1,-1,07-03-2018 Fish_Spo,Horz_Prec,-1,-1,07-17-2018 Fish_Spo,Horz_Prec,-1,-1,08-13-2018 WYN_Fish_Spo,Horz_Prec,-1,-1,08-22-2018 WYN_Fish_Spo,Horz_Prec,-1,-1,08-27-2018 Fish_Spo,Horz_Prec,-1,-1,11-16-2018 BOU Fish_Spo,Horz_Prec,-1,-1,11-19-2018 WYN Fish_Spo,Horz_Prec,-1,-1,11-20-2018 CLR Fish_Spo,Horz_Prec,-1,-1,11-20-2018 KAP Fish_Spo,Horz_Prec,-1,-1,11-21-2018 LCA Fish_Spo,Horz_Prec,-1,-1,11-7-2018 CYP Fish_Spo,Horz_Prec,-1,-1;Std_Dev "Std_Dev" true true false 16 Double 6 15,First,#,01-04-19 CYP Fish_Spo,Std_Dev,-1,-1,01-07-2019 PAI Fish_Spo,Std_Dev,-1,-1,01-08-2019 WYN Fish_Spo,Std_Dev,-1,-1,01-26-2018 Fish_Spo,Std_Dev,-1,-1,02-22-2018 LCA Fish_Spo,Std_Dev,-1,-1,03-26-2018 Fish_Spo,Std_Dev,-1,-1,04-23-2018 Fish_Spo,Std_Dev,-1,-1,06-20-2018 Fish_Spo,Std_Dev,-1,-1,07-02-2018 Fish_Spo,Std_Dev,-1,-1,07-03-2018 Fish_Spo,Std_Dev,-1,-1,07-17-2018 Fish_Spo,Std_Dev,-1,-1,08-13-2018 WYN_Fish_Spo,Std_Dev,-1,-1,08-22-2018 WYN_Fish_Spo,Std_Dev,-1,-1,08-27-2018 Fish_Spo,Std_Dev,-1,-1,11-16-2018 BOU Fish_Spo,Std_Dev,-1,-1,11-19-2018 WYN Fish_Spo,Std_Dev,-1,-1,11-20-2018 CLR Fish_Spo,Std_Dev,-1,-1,11-20-2018 KAP Fish_Spo,Std_Dev,-1,-1,11-21-2018 LCA Fish_Spo,Std_Dev,-1,-1,11-7-2018 CYP Fish_Spo,Std_Dev,-1,-1;Latitude "Latitude" true true false 36 Text 0 0,First,#,01-04-19 CYP Fish_Spo,Latitude,0,36,01-07-2019 PAI Fish_Spo,Latitude,0,36,01-08-2019 WYN Fish_Spo,Latitude,0,36,01-26-2018 Fish_Spo,Latitude,0,36,02-22-2018 LCA Fish_Spo,Latitude,0,36,03-26-2018 Fish_Spo,Latitude,0,36,04-23-2018 Fish_Spo,Latitude,0,36,06-20-2018 Fish_Spo,Latitude,0,36,07-02-2018 Fish_Spo,Latitude,0,36,07-03-2018 Fish_Spo,Latitude,0,36,07-17-2018 Fish_Spo,Latitude,0,36,08-13-2018 WYN_Fish_Spo,Latitude,0,36,08-22-2018 WYN_Fish_Spo,Latitude,0,36,08-27-2018 Fish_Spo,Latitude,0,36,11-16-2018 BOU Fish_Spo,Latitude,0,36,11-19-2018 WYN Fish_Spo,Latitude,0,36,11-20-2018 CLR Fish_Spo,Latitude,0,36,11-20-2018 KAP Fish_Spo,Latitude,0,36,11-21-2018 LCA Fish_Spo,Latitude,0,36,11-7-2018 CYP Fish_Spo,Latitude,0,36;Longitude "Longitude" true true false 36 Text 0 0,First,#,01-04-19 CYP Fish_Spo,Longitude,0,36,01-07-2019 PAI Fish_Spo,Longitude,0,36,01-08-2019 WYN Fish_Spo,Longitude,0,36,01-26-2018 Fish_Spo,Longitude,0,36,02-22-2018 LCA Fish_Spo,Longitude,0,36,03-26-2018 Fish_Spo,Longitude,0,36,04-23-2018 Fish_Spo,Longitude,0,36,06-20-2018 Fish_Spo,Longitude,0,36,07-02-2018 Fish_Spo,Longitude,0,36,07-03-2018 Fish_Spo,Longitude,0,36,07-17-2018 Fish_Spo,Longitude,0,36,08-13-2018 WYN_Fish_Spo,Longitude,0,36,08-22-2018 WYN_Fish_Spo,Longitude,0,36,08-27-2018 Fish_Spo,Longitude,0,36,11-16-2018 BOU Fish_Spo,Longitude,0,36,11-19-2018 WYN Fish_Spo,Longitude,0,36,11-20-2018 CLR Fish_Spo,Longitude,0,36,11-20-2018 KAP Fish_Spo,Longitude,0,36,11-21-2018 LCA Fish_Spo,Longitude,0,36,11-7-2018 CYP Fish_Spo,Longitude,0,36;Point_ID "Point_ID" true true false 9 Long 0 9,First,#,01-04-19 CYP Fish_Spo,Point_ID,-1,-1,01-07-2019 PAI Fish_Spo,Point_ID,-1,-1,01-08-2019 WYN Fish_Spo,Point_ID,-1,-1,01-26-2018 Fish_Spo,Point_ID,-1,-1,02-22-2018 LCA Fish_Spo,Point_ID,-1,-1,03-26-2018 Fish_Spo,Point_ID,-1,-1,04-23-2018 Fish_Spo,Point_ID,-1,-1,06-20-2018 Fish_Spo,Point_ID,-1,-1,07-02-2018 Fish_Spo,Point_ID,-1,-1,07-03-2018 Fish_Spo,Point_ID,-1,-1,07-17-2018 Fish_Spo,Point_ID,-1,-1,08-13-2018 WYN_Fish_Spo,Point_ID,-1,-1,08-22-2018 WYN_Fish_Spo,Point_ID,-1,-1,08-27-2018 Fish_Spo,Point_ID,-1,-1,11-16-2018 BOU Fish_Spo,Point_ID,-1,-1,11-19-2018 WYN Fish_Spo,Point_ID,-1,-1,11-20-2018 CLR Fish_Spo,Point_ID,-1,-1,11-20-2018 KAP Fish_Spo,Point_ID,-1,-1,11-21-2018 LCA Fish_Spo,Point_ID,-1,-1,11-7-2018 CYP Fish_Spo,Point_ID,-1,-1;Offset "Offset" true true false 128 Text 0 0,First,#,01-04-19 CYP Fish_Spo,Offset,0,128,01-07-2019 PAI Fish_Spo,Offset,0,128,01-08-2019 WYN Fish_Spo,Offset,0,128,01-26-2018 Fish_Spo,Offset,0,128,02-22-2018 LCA Fish_Spo,Offset,0,128,03-26-2018 Fish_Spo,Offset,0,128,04-23-2018 Fish_Spo,Offset,0,128,06-20-2018 Fish_Spo,Offset,0,128,07-02-2018 Fish_Spo,Offset,0,128,07-03-2018 Fish_Spo,Offset,0,128,07-17-2018 Fish_Spo,Offset,0,128,08-13-2018 WYN_Fish_Spo,Offset,0,128,08-22-2018 WYN_Fish_Spo,Offset,0,128,08-27-2018 Fish_Spo,Offset,0,128,11-16-2018 BOU Fish_Spo,Offset,0,128,11-19-2018 WYN Fish_Spo,Offset,0,128,11-20-2018 CLR Fish_Spo,Offset,0,128,11-20-2018 KAP Fish_Spo,Offset,0,128,11-21-2018 LCA Fish_Spo,Offset,0,128,11-7-2018 CYP Fish_Spo,Offset,0,128;Microhabit "Microhabit" true true false 6 Long 0 6,First,#,01-26-2018 Fish_Spo,Microhabit,-1,-1" NO_SOURCE_INFO</Process><Process ToolSource="c:\program files\arcgis\pro\Resources\ArcToolbox\toolboxes\Data Management Tools.tbx\DeleteIdentical" Date="20200115" Time="110130">DeleteIdentical Fish_Spo_Merged_History __of_Fish_;Channel_ID;Comments;Cover_Type;Data_Dicti;Depth;Distance_2;Distance_t;Fish_Type;Ft__to_Cob;Habitat_Fe;Habitat_Ty;Size_of_Fi;Substrate;Unembedded;Velocity;Visibility # 0</Process><Process ToolSource="c:\program files\arcgis\pro\Resources\ArcToolbox\toolboxes\Data Management Tools.tbx\Merge" Date="20200115" Time="130311">Merge Fish_Spo_Merged_History;'MAIN Fish_Spo';'KAP_CYP Fish_Spo';'BOU Fish_Spo' "Z:\REDDS &amp; JUVENILES\JUVENILES B13\B13 Master FIles 19-20\Master Shapefiles Created in 2020\Revised_Master_Shapefile_011520.shp" "Date "Date" true true false 8 Date 0 0,First,#,Fish_Spo_Merged_History,Date,-1,-1,MAIN Fish_Spo,Date,-1,-1;Time "Time" true true false 10 Text 0 0,First,#,Fish_Spo_Merged_History,Time,0,10,MAIN Fish_Spo,Time,0,10;Channel_ID "Channel_ID" true true false 60 Text 0 0,First,#,Fish_Spo_Merged_History,Channel_ID,0,60,MAIN Fish_Spo,Channel_ID,0,60,KAP_CYP Fish_Spo,Channel_ID,0,60;Habitat_Ty "Habitat_Ty" true true false 60 Text 0 0,First,#,Fish_Spo_Merged_History,Habitat_Ty,0,60,MAIN Fish_Spo,Habitat_Ty,0,60,KAP_CYP Fish_Spo,Habitat_Ty,0,60,BOU Fish_Spo,Habitat_Ty,0,60;Habitat_Fe "Habitat_Fe" true true false 9 Long 0 9,First,#,Fish_Spo_Merged_History,Habitat_Fe,-1,-1,MAIN Fish_Spo,Habitat_Fe,-1,-1,KAP_CYP Fish_Spo,Habitat_Fe,-1,-1,BOU Fish_Spo,Habitat_Fe,-1,-1;Visibility "Visibility" true true false 8 Float 1 7,First,#,Fish_Spo_Merged_History,Visibility,-1,-1,MAIN Fish_Spo,Visibility,-1,-1,KAP_CYP Fish_Spo,Visibility,-1,-1,BOU Fish_Spo,Visibility,-1,-1;Depth "Depth" true true false 9 Double 2 8,First,#,Fish_Spo_Merged_History,Depth,-1,-1,MAIN Fish_Spo,Depth,-1,-1,KAP_CYP Fish_Spo,Depth,-1,-1,BOU Fish_Spo,Depth,-1,-1;Distance_t "Distance_t" true true false 8 Float 2 7,First,#,Fish_Spo_Merged_History,Distance_t,-1,-1,MAIN Fish_Spo,Distance_t,-1,-1,KAP_CYP Fish_Spo,Distance_t,-1,-1,BOU Fish_Spo,Distance_t,-1,-1;Distance_2 "Distance_2" true true false 8 Float 2 7,First,#,Fish_Spo_Merged_History,Distance_2,-1,-1,MAIN Fish_Spo,Distance_2,-1,-1,KAP_CYP Fish_Spo,Distance_2,-1,-1,BOU Fish_Spo,Distance_2,-1,-1;Cover_Type "Cover_Type" true true false 60 Text 0 0,First,#,Fish_Spo_Merged_History,Cover_Type,0,60,MAIN Fish_Spo,Cover_Type,0,60,KAP_CYP Fish_Spo,Cover_Type,0,60,BOU Fish_Spo,Cover_Type,0,60;Unembedded "Unembedded" true true false 60 Text 0 0,First,#,Fish_Spo_Merged_History,Unembedded,0,60,MAIN Fish_Spo,Unembedded,0,60,KAP_CYP Fish_Spo,Unembedded,0,60,BOU Fish_Spo,Unembedded,0,60;Ft__to_Cob "Ft__to_Cob" true true false 19 Double 2 18,First,#,Fish_Spo_Merged_History,Ft__to_Cob,-1,-1,MAIN Fish_Spo,Ft__to_Cob,-1,-1,KAP_CYP Fish_Spo,Ft__to_Cob,-1,-1,BOU Fish_Spo,Ft__to_Cob,-1,-1;Velocity "Velocity" true true false 12 Double 2 11,First,#,Fish_Spo_Merged_History,Velocity,-1,-1,MAIN Fish_Spo,Velocity,-1,-1,KAP_CYP Fish_Spo,Velocity,-1,-1,BOU Fish_Spo,Velocity,-1,-1;Substrate "Substrate" true true false 60 Text 0 0,First,#,Fish_Spo_Merged_History,Substrate,0,60,MAIN Fish_Spo,Substrate,0,60,KAP_CYP Fish_Spo,Substrate,0,60,BOU Fish_Spo,Substrate,0,60;Fish_Type "Fish_Type" true true false 60 Text 0 0,First,#,Fish_Spo_Merged_History,Fish_Type,0,60,MAIN Fish_Spo,Fish_Type,0,60,KAP_CYP Fish_Spo,Fish_Type,0,60,BOU Fish_Spo,Fish_Type,0,60;Size_of_Fi "Size_of_Fi" true true false 60 Text 0 0,First,#,Fish_Spo_Merged_History,Size_of_Fi,0,60,MAIN Fish_Spo,Size_of_Fi,0,60,KAP_CYP Fish_Spo,Size_of_Fi,0,60,BOU Fish_Spo,Size_of_Fi,0,60;__of_Fish_ "__of_Fish_" true true false 8 Long 0 8,First,#,Fish_Spo_Merged_History,__of_Fish_,-1,-1,MAIN Fish_Spo,__of_Fish_,-1,-1,KAP_CYP Fish_Spo,__of_Fish_,-1,-1,BOU Fish_Spo,__of_Fish_,-1,-1;Comments "Comments" true true false 100 Text 0 0,First,#,Fish_Spo_Merged_History,Comments,0,100,MAIN Fish_Spo,Comments,0,100,KAP_CYP Fish_Spo,Comments,0,100,BOU Fish_Spo,Comments,0,100;Max_PDOP "Max_PDOP" true true false 5 Float 1 4,First,#,Fish_Spo_Merged_History,Max_PDOP,-1,-1,MAIN Fish_Spo,Max_PDOP,-1,-1,KAP_CYP Fish_Spo,Max_PDOP,-1,-1,BOU Fish_Spo,Max_PDOP,-1,-1;Max_HDOP "Max_HDOP" true true false 5 Float 1 4,First,#,Fish_Spo_Merged_History,Max_HDOP,-1,-1,MAIN Fish_Spo,Max_HDOP,-1,-1,KAP_CYP Fish_Spo,Max_HDOP,-1,-1,BOU Fish_Spo,Max_HDOP,-1,-1;Corr_Type "Corr_Type" true true false 36 Text 0 0,First,#,Fish_Spo_Merged_History,Corr_Type,0,36,MAIN Fish_Spo,Corr_Type,0,36,KAP_CYP Fish_Spo,Corr_Type,0,36,BOU Fish_Spo,Corr_Type,0,36;Rcvr_Type "Rcvr_Type" true true false 36 Text 0 0,First,#,Fish_Spo_Merged_History,Rcvr_Type,0,36,MAIN Fish_Spo,Rcvr_Type,0,36,KAP_CYP Fish_Spo,Rcvr_Type,0,36,BOU Fish_Spo,Rcvr_Type,0,36;GPS_Date "GPS_Date" true true false 8 Date 0 0,First,#,Fish_Spo_Merged_History,GPS_Date,-1,-1,MAIN Fish_Spo,GPS_Date,-1,-1,KAP_CYP Fish_Spo,GPS_Date,-1,-1,BOU Fish_Spo,GPS_Date,-1,-1;GPS_Time "GPS_Time" true true false 10 Text 0 0,First,#,Fish_Spo_Merged_History,GPS_Time,0,10,MAIN Fish_Spo,GPS_Time,0,10,KAP_CYP Fish_Spo,GPS_Time,0,10,BOU Fish_Spo,GPS_Time,0,10;Update_Sta "Update_Sta" true true false 36 Text 0 0,First,#,Fish_Spo_Merged_History,Update_Sta,0,36,MAIN Fish_Spo,Update_Sta,0,36,KAP_CYP Fish_Spo,Update_Sta,0,36,BOU Fish_Spo,Update_Sta,0,36;Feat_Name "Feat_Name" true true false 20 Text 0 0,First,#,Fish_Spo_Merged_History,Feat_Name,0,20,MAIN Fish_Spo,Feat_Name,0,20,KAP_CYP Fish_Spo,Feat_Name,0,20,BOU Fish_Spo,Feat_Name,0,20;Datafile "Datafile" true true false 20 Text 0 0,First,#,Fish_Spo_Merged_History,Datafile,0,20,MAIN Fish_Spo,Datafile,0,20,KAP_CYP Fish_Spo,Datafile,0,20,BOU Fish_Spo,Datafile,0,20;Unfilt_Pos "Unfilt_Pos" true true false 10 Long 0 10,First,#,Fish_Spo_Merged_History,Unfilt_Pos,-1,-1,MAIN Fish_Spo,Unfilt_Pos,-1,-1,KAP_CYP Fish_Spo,Unfilt_Pos,-1,-1,BOU Fish_Spo,Unfilt_Pos,-1,-1;Filt_Pos "Filt_Pos" true true false 10 Long 0 10,First,#,Fish_Spo_Merged_History,Filt_Pos,-1,-1,MAIN Fish_Spo,Filt_Pos,-1,-1,KAP_CYP Fish_Spo,Filt_Pos,-1,-1,BOU Fish_Spo,Filt_Pos,-1,-1;Data_Dicti "Data_Dicti" true true false 20 Text 0 0,First,#,Fish_Spo_Merged_History,Data_Dicti,0,20,MAIN Fish_Spo,Data_Dicti,0,20,KAP_CYP Fish_Spo,Data_Dicti,0,20,BOU Fish_Spo,Data_Dicti,0,20;GPS_Week "GPS_Week" true true false 6 Long 0 6,First,#,Fish_Spo_Merged_History,GPS_Week,-1,-1,MAIN Fish_Spo,GPS_Week,-1,-1,KAP_CYP Fish_Spo,GPS_Week,-1,-1,BOU Fish_Spo,GPS_Week,-1,-1;GPS_Second "GPS_Second" true true false 12 Double 3 11,First,#,Fish_Spo_Merged_History,GPS_Second,-1,-1,MAIN Fish_Spo,GPS_Second,-1,-1,KAP_CYP Fish_Spo,GPS_Second,-1,-1,BOU Fish_Spo,GPS_Second,-1,-1;GNSS_Heigh "GNSS_Heigh" true true false 16 Double 3 15,First,#,Fish_Spo_Merged_History,GNSS_Heigh,-1,-1,MAIN Fish_Spo,GNSS_Heigh,-1,-1,KAP_CYP Fish_Spo,GNSS_Heigh,-1,-1,BOU Fish_Spo,GNSS_Heigh,-1,-1;Vert_Prec "Vert_Prec" true true false 16 Double 1 15,First,#,Fish_Spo_Merged_History,Vert_Prec,-1,-1,MAIN Fish_Spo,Vert_Prec,-1,-1,KAP_CYP Fish_Spo,Vert_Prec,-1,-1,BOU Fish_Spo,Vert_Prec,-1,-1;Horz_Prec "Horz_Prec" true true false 16 Double 1 15,First,#,Fish_Spo_Merged_History,Horz_Prec,-1,-1,MAIN Fish_Spo,Horz_Prec,-1,-1,KAP_CYP Fish_Spo,Horz_Prec,-1,-1,BOU Fish_Spo,Horz_Prec,-1,-1;Std_Dev "Std_Dev" true true false 16 Double 6 15,First,#,Fish_Spo_Merged_History,Std_Dev,-1,-1,MAIN Fish_Spo,Std_Dev,-1,-1,KAP_CYP Fish_Spo,Std_Dev,-1,-1,BOU Fish_Spo,Std_Dev,-1,-1;Latitude "Latitude" true true false 36 Text 0 0,First,#,Fish_Spo_Merged_History,Latitude,0,36,MAIN Fish_Spo,Latitude,0,36,KAP_CYP Fish_Spo,Latitude,0,36,BOU Fish_Spo,Latitude,0,36;Longitude "Longitude" true true false 36 Text 0 0,First,#,Fish_Spo_Merged_History,Longitude,0,36,MAIN Fish_Spo,Longitude,0,36,KAP_CYP Fish_Spo,Longitude,0,36,BOU Fish_Spo,Longitude,0,36;Point_ID "Point_ID" true true false 9 Long 0 9,First,#,Fish_Spo_Merged_History,Point_ID,-1,-1,MAIN Fish_Spo,Point_ID,-1,-1,KAP_CYP Fish_Spo,Point_ID,-1,-1,BOU Fish_Spo,Point_ID,-1,-1;Offset "Offset" true true false 128 Text 0 0,First,#,Fish_Spo_Merged_History,Offset,0,128,MAIN Fish_Spo,Offset,0,128,KAP_CYP Fish_Spo,Offset,0,128,BOU Fish_Spo,Offset,0,128;Microhabit "Microhabit" true true false 6 Long 0 6,First,#,Fish_Spo_Merged_History,Microhabit,-1,-1" NO_SOURCE_INFO</Process><Process ToolSource="c:\program files (x86)\arcgis\desktop10.6\ArcToolbox\Toolboxes\Data Management Tools.tbx\CalculateField" Date="20200115" Time="141627">CalculateField Revised_Master_Shapefile_011520 Date [GPS_Date] VB #</Process><Process ToolSource="c:\program files (x86)\arcgis\desktop10.6\ArcToolbox\Toolboxes\Data Management Tools.tbx\CalculateField" Date="20200115" Time="141756">CalculateField Revised_Master_Shapefile_011520 Date [GPS_Date] VB #</Process><Process ToolSource="c:\program files (x86)\arcgis\desktop10.6\ArcToolbox\Toolboxes\Data Management Tools.tbx\CalculateField" Date="20200115" Time="141817">CalculateField Revised_Master_Shapefile_011520 Time [GPS_Time] VB #</Process><Process ToolSource="c:\program files (x86)\arcgis\desktop10.6\ArcToolbox\Toolboxes\Data Management Tools.tbx\CalculateField" Date="20200115" Time="141853">CalculateField Revised_Master_Shapefile_011520 Time [GPS_Time] VB #</Process><Process ToolSource="c:\program files (x86)\arcgis\desktop10.6\ArcToolbox\Toolboxes\Data Management Tools.tbx\CalculateField" Date="20200115" Time="141905">CalculateField Revised_Master_Shapefile_011520 Date [GPS_Date] VB #</Process><Process ToolSource="c:\program files (x86)\arcgis\desktop10.6\ArcToolbox\Toolboxes\Data Management Tools.tbx\CalculateField" Date="20200115" Time="142158">CalculateField Revised_Master_Shapefile_011520 Time [GPS_Time] VB #</Process></lineage></DataProperties><SyncDate>20200115</SyncDate><SyncTime>13025800</SyncTime><ModDate>20200115</ModDate><ModTime>13025800</ModTime></Esri><dataIdInfo><envirDesc Sync="TRUE">Microsoft Windows 10 Version 10.0 (Build 16299) ; Esri ArcGIS 12.4.0.19948</envirDesc><dataLang><languageCode value="eng" Sync="TRUE"></languageCode><countryCode value="USA" Sync="TRUE"></countryCode></dataLang><idCitation><resTitle Sync="TRUE">Revised_Master_Shapefile_011520</resTitle><presForm><PresFormCd value="005" Sync="TRUE"></PresFormCd></presForm></idCitation><spatRpType><SpatRepTypCd value="001" Sync="TRUE"></SpatRepTypCd></spatRpType></dataIdInfo><mdLang><languageCode value="eng" Sync="TRUE"></languageCode><countryCode value="USA" Sync="TRUE"></countryCode></mdLang><mdChar><CharSetCd value="004" Sync="TRUE"></CharSetCd></mdChar><distInfo><distFormat><formatName Sync="TRUE">Shapefile</formatName></distFormat><distTranOps><transSize Sync="TRUE">0.000</transSize></distTranOps></distInfo><mdHrLv><ScopeCd value="005" Sync="TRUE"></ScopeCd></mdHrLv><mdHrLvName Sync="TRUE">dataset</mdHrLvName><refSysInfo><RefSystem><refSysID><identCode code="4326" Sync="TRUE"></identCode><idCodeSpace Sync="TRUE">EPSG</idCodeSpace><idVersion Sync="TRUE">6.14(3.0.1)</idVersion></refSysID></RefSystem></refSysInfo><spatRepInfo><VectSpatRep><geometObjs Name="Revised_Master_Shapefile_011520"><geoObjTyp><GeoObjTypCd value="004" Sync="TRUE"></GeoObjTypCd></geoObjTyp><geoObjCnt Sync="TRUE">0</geoObjCnt></geometObjs><topLvl><TopoLevCd value="001" Sync="TRUE"></TopoLevCd></topLvl></VectSpatRep></spatRepInfo><spdoinfo><ptvctinf><esriterm Name="Revised_Master_Shapefile_011520"><efeatyp Sync="TRUE">Simple</efeatyp><efeageom code="1" Sync="TRUE"></efeageom><esritopo Sync="TRUE">FALSE</esritopo><efeacnt Sync="TRUE">0</efeacnt><spindex Sync="TRUE">FALSE</spindex><linrefer Sync="TRUE">FALSE</linrefer></esriterm></ptvctinf></spdoinfo><eainfo><detailed Name="Revised_Master_Shapefile_011520"><enttyp><enttypl Sync="TRUE">Revised_Master_Shapefile_011520</enttypl><enttypt Sync="TRUE">Feature Class</enttypt><enttypc Sync="TRUE">0</enttypc></enttyp><attr><attrlabl Sync="TRUE">FID</attrlabl><attalias Sync="TRUE">FID</attalias><attrtype Sync="TRUE">OID</attrtype><attwidth Sync="TRUE">4</attwidth><atprecis Sync="TRUE">0</atprecis><attscale Sync="TRUE">0</attscale><attrdef Sync="TRUE">Internal feature number.</attrdef><attrdefs Sync="TRUE">Esri</attrdefs><attrdomv><udom Sync="TRUE">Sequential unique whole numbers that are automatically generated.</udom></attrdomv></attr><attr><attrlabl Sync="TRUE">Shape</attrlabl><attalias Sync="TRUE">Shape</attalias><attrtype Sync="TRUE">Geometry</attrtype><attwidth Sync="TRUE">0</attwidth><atprecis Sync="TRUE">0</atprecis><attscale Sync="TRUE">0</attscale><attrdef Sync="TRUE">Feature geometry.</attrdef><attrdefs Sync="TRUE">Esri</attrdefs><attrdomv><udom Sync="TRUE">Coordinates defining the features.</udom></attrdomv></attr><attr><attrlabl Sync="TRUE">Date</attrlabl><attalias Sync="TRUE">Date</attalias><attrtype Sync="TRUE">Date</attrtype><attwidth Sync="TRUE">8</attwidth><atprecis Sync="TRUE">0</atprecis><attscale Sync="TRUE">0</attscale></attr><attr><attrlabl Sync="TRUE">Time</attrlabl><attalias Sync="TRUE">Time</attalias><attrtype Sync="TRUE">String</attrtype><attwidth Sync="TRUE">10</attwidth><atprecis Sync="TRUE">0</atprecis><attscale Sync="TRUE">0</attscale></attr><attr><attrlabl Sync="TRUE">Channel_ID</attrlabl><attalias Sync="TRUE">Channel_ID</attalias><attrtype Sync="TRUE">String</attrtype><attwidth Sync="TRUE">60</attwidth><atprecis Sync="TRUE">0</atprecis><attscale Sync="TRUE">0</attscale></attr><attr><attrlabl Sync="TRUE">Habitat_Ty</attrlabl><attalias Sync="TRUE">Habitat_Ty</attalias><attrtype Sync="TRUE">String</attrtype><attwidth Sync="TRUE">60</attwidth><atprecis Sync="TRUE">0</atprecis><attscale Sync="TRUE">0</attscale></attr><attr><attrlabl Sync="TRUE">Habitat_Fe</attrlabl><attalias Sync="TRUE">Habitat_Fe</attalias><attrtype Sync="TRUE">Integer</attrtype><attwidth Sync="TRUE">9</attwidth><atprecis Sync="TRUE">9</atprecis><attscale Sync="TRUE">0</attscale></attr><attr><attrlabl Sync="TRUE">Visibility</attrlabl><attalias Sync="TRUE">Visibility</attalias><attrtype Sync="TRUE">Single</attrtype><attwidth Sync="TRUE">8</attwidth><atprecis Sync="TRUE">7</atprecis><attscale Sync="TRUE">1</attscale></attr><attr><attrlabl Sync="TRUE">Depth</attrlabl><attalias Sync="TRUE">Depth</attalias><attrtype Sync="TRUE">Double</attrtype><attwidth Sync="TRUE">9</attwidth><atprecis Sync="TRUE">8</atprecis><attscale Sync="TRUE">2</attscale></attr><attr><attrlabl Sync="TRUE">Distance_t</attrlabl><attalias Sync="TRUE">Distance_t</attalias><attrtype Sync="TRUE">Single</attrtype><attwidth Sync="TRUE">8</attwidth><atprecis Sync="TRUE">7</atprecis><attscale Sync="TRUE">2</attscale></attr><attr><attrlabl Sync="TRUE">Distance_2</attrlabl><attalias Sync="TRUE">Distance_2</attalias><attrtype Sync="TRUE">Single</attrtype><attwidth Sync="TRUE">8</attwidth><atprecis Sync="TRUE">7</atprecis><attscale Sync="TRUE">2</attscale></attr><attr><attrlabl Sync="TRUE">Cover_Type</attrlabl><attalias Sync="TRUE">Cover_Type</attalias><attrtype Sync="TRUE">String</attrtype><attwidth Sync="TRUE">60</attwidth><atprecis Sync="TRUE">0</atprecis><attscale Sync="TRUE">0</attscale></attr><attr><attrlabl Sync="TRUE">Unembedded</attrlabl><attalias Sync="TRUE">Unembedded</attalias><attrtype Sync="TRUE">String</attrtype><attwidth Sync="TRUE">60</attwidth><atprecis Sync="TRUE">0</atprecis><attscale Sync="TRUE">0</attscale></attr><attr><attrlabl Sync="TRUE">Ft__to_Cob</attrlabl><attalias Sync="TRUE">Ft__to_Cob</attalias><attrtype Sync="TRUE">Double</attrtype><attwidth Sync="TRUE">19</attwidth><atprecis Sync="TRUE">18</atprecis><attscale Sync="TRUE">2</attscale></attr><attr><attrlabl Sync="TRUE">Velocity</attrlabl><attalias Sync="TRUE">Velocity</attalias><attrtype Sync="TRUE">Double</attrtype><attwidth Sync="TRUE">12</attwidth><atprecis Sync="TRUE">11</atprecis><attscale Sync="TRUE">2</attscale></attr><attr><attrlabl Sync="TRUE">Substrate</attrlabl><attalias Sync="TRUE">Substrate</attalias><attrtype Sync="TRUE">String</attrtype><attwidth Sync="TRUE">60</attwidth><atprecis Sync="TRUE">0</atprecis><attscale Sync="TRUE">0</attscale></attr><attr><attrlabl Sync="TRUE">Fish_Type</attrlabl><attalias Sync="TRUE">Fish_Type</attalias><attrtype Sync="TRUE">String</attrtype><attwidth Sync="TRUE">60</attwidth><atprecis Sync="TRUE">0</atprecis><attscale Sync="TRUE">0</attscale></attr><attr><attrlabl Sync="TRUE">Size_of_Fi</attrlabl><attalias Sync="TRUE">Size_of_Fi</attalias><attrtype Sync="TRUE">String</attrtype><attwidth Sync="TRUE">60</attwidth><atprecis Sync="TRUE">0</atprecis><attscale Sync="TRUE">0</attscale></attr><attr><attrlabl Sync="TRUE">__of_Fish_</attrlabl><attalias Sync="TRUE">__of_Fish_</attalias><attrtype Sync="TRUE">Integer</attrtype><attwidth Sync="TRUE">8</attwidth><atprecis Sync="TRUE">8</atprecis><attscale Sync="TRUE">0</attscale></attr><attr><attrlabl Sync="TRUE">Comments</attrlabl><attalias Sync="TRUE">Comments</attalias><attrtype Sync="TRUE">String</attrtype><attwidth Sync="TRUE">100</attwidth><atprecis Sync="TRUE">0</atprecis><attscale Sync="TRUE">0</attscale></attr><attr><attrlabl Sync="TRUE">Max_PDOP</attrlabl><attalias Sync="TRUE">Max_PDOP</attalias><attrtype Sync="TRUE">Single</attrtype><attwidth Sync="TRUE">5</attwidth><atprecis Sync="TRUE">4</atprecis><attscale Sync="TRUE">1</attscale></attr><attr><attrlabl Sync="TRUE">Max_HDOP</attrlabl><attalias Sync="TRUE">Max_HDOP</attalias><attrtype Sync="TRUE">Single</attrtype><attwidth Sync="TRUE">5</attwidth><atprecis Sync="TRUE">4</atprecis><attscale Sync="TRUE">1</attscale></attr><attr><attrlabl Sync="TRUE">Corr_Type</attrlabl><attalias Sync="TRUE">Corr_Type</attalias><attrtype Sync="TRUE">String</attrtype><attwidth Sync="TRUE">36</attwidth><atprecis Sync="TRUE">0</atprecis><attscale Sync="TRUE">0</attscale></attr><attr><attrlabl Sync="TRUE">Rcvr_Type</attrlabl><attalias Sync="TRUE">Rcvr_Type</attalias><attrtype Sync="TRUE">String</attrtype><attwidth Sync="TRUE">36</attwidth><atprecis Sync="TRUE">0</atprecis><attscale Sync="TRUE">0</attscale></attr><attr><attrlabl Sync="TRUE">GPS_Date</attrlabl><attalias Sync="TRUE">GPS_Date</attalias><attrtype Sync="TRUE">Date</attrtype><attwidth Sync="TRUE">8</attwidth><atprecis Sync="TRUE">0</atprecis><attscale Sync="TRUE">0</attscale></attr><attr><attrlabl Sync="TRUE">GPS_Time</attrlabl><attalias Sync="TRUE">GPS_Time</attalias><attrtype Sync="TRUE">String</attrtype><attwidth Sync="TRUE">10</attwidth><atprecis Sync="TRUE">0</atprecis><attscale Sync="TRUE">0</attscale></attr><attr><attrlabl Sync="TRUE">Update_Sta</attrlabl><attalias Sync="TRUE">Update_Sta</attalias><attrtype Sync="TRUE">String</attrtype><attwidth Sync="TRUE">36</attwidth><atprecis Sync="TRUE">0</atprecis><attscale Sync="TRUE">0</attscale></attr><attr><attrlabl Sync="TRUE">Feat_Name</attrlabl><attalias Sync="TRUE">Feat_Name</attalias><attrtype Sync="TRUE">String</attrtype><attwidth Sync="TRUE">20</attwidth><atprecis Sync="TRUE">0</atprecis><attscale Sync="TRUE">0</attscale></attr><attr><attrlabl Sync="TRUE">Datafile</attrlabl><attalias Sync="TRUE">Datafile</attalias><attrtype Sync="TRUE">String</attrtype><attwidth Sync="TRUE">20</attwidth><atprecis Sync="TRUE">0</atprecis><attscale Sync="TRUE">0</attscale></attr><attr><attrlabl Sync="TRUE">Unfilt_Pos</attrlabl><attalias Sync="TRUE">Unfilt_Pos</attalias><attrtype Sync="TRUE">Integer</attrtype><attwidth Sync="TRUE">10</attwidth><atprecis Sync="TRUE">10</atprecis><attscale Sync="TRUE">0</attscale></attr><attr><attrlabl Sync="TRUE">Filt_Pos</attrlabl><attalias Sync="TRUE">Filt_Pos</attalias><attrtype Sync="TRUE">Integer</attrtype><attwidth Sync="TRUE">10</attwidth><atprecis Sync="TRUE">10</atprecis><attscale Sync="TRUE">0</attscale></attr><attr><attrlabl Sync="TRUE">Data_Dicti</attrlabl><attalias Sync="TRUE">Data_Dicti</attalias><attrtype Sync="TRUE">String</attrtype><attwidth Sync="TRUE">20</attwidth><atprecis Sync="TRUE">0</atprecis><attscale Sync="TRUE">0</attscale></attr><attr><attrlabl Sync="TRUE">GPS_Week</attrlabl><attalias Sync="TRUE">GPS_Week</attalias><attrtype Sync="TRUE">Integer</attrtype><attwidth Sync="TRUE">6</attwidth><atprecis Sync="TRUE">6</atprecis><attscale Sync="TRUE">0</attscale></attr><attr><attrlabl Sync="TRUE">GPS_Second</attrlabl><attalias Sync="TRUE">GPS_Second</attalias><attrtype Sync="TRUE">Double</attrtype><attwidth Sync="TRUE">12</attwidth><atprecis Sync="TRUE">11</atprecis><attscale Sync="TRUE">3</attscale></attr><attr><attrlabl Sync="TRUE">GNSS_Heigh</attrlabl><attalias Sync="TRUE">GNSS_Heigh</attalias><attrtype Sync="TRUE">Double</attrtype><attwidth Sync="TRUE">16</attwidth><atprecis Sync="TRUE">15</atprecis><attscale Sync="TRUE">3</attscale></attr><attr><attrlabl Sync="TRUE">Vert_Prec</attrlabl><attalias Sync="TRUE">Vert_Prec</attalias><attrtype Sync="TRUE">Double</attrtype><attwidth Sync="TRUE">16</attwidth><atprecis Sync="TRUE">15</atprecis><attscale Sync="TRUE">1</attscale></attr><attr><attrlabl Sync="TRUE">Horz_Prec</attrlabl><attalias Sync="TRUE">Horz_Prec</attalias><attrtype Sync="TRUE">Double</attrtype><attwidth Sync="TRUE">16</attwidth><atprecis Sync="TRUE">15</atprecis><attscale Sync="TRUE">1</attscale></attr><attr><attrlabl Sync="TRUE">Std_Dev</attrlabl><attalias Sync="TRUE">Std_Dev</attalias><attrtype Sync="TRUE">Double</attrtype><attwidth Sync="TRUE">16</attwidth><atprecis Sync="TRUE">15</atprecis><attscale Sync="TRUE">6</attscale></attr><attr><attrlabl Sync="TRUE">Latitude</attrlabl><attalias Sync="TRUE">Latitude</attalias><attrtype Sync="TRUE">String</attrtype><attwidth Sync="TRUE">36</attwidth><atprecis Sync="TRUE">0</atprecis><attscale Sync="TRUE">0</attscale></attr><attr><attrlabl Sync="TRUE">Longitude</attrlabl><attalias Sync="TRUE">Longitude</attalias><attrtype Sync="TRUE">String</attrtype><attwidth Sync="TRUE">36</attwidth><atprecis Sync="TRUE">0</atprecis><attscale Sync="TRUE">0</attscale></attr><attr><attrlabl Sync="TRUE">Point_ID</attrlabl><attalias Sync="TRUE">Point_ID</attalias><attrtype Sync="TRUE">Integer</attrtype><attwidth Sync="TRUE">9</attwidth><atprecis Sync="TRUE">9</atprecis><attscale Sync="TRUE">0</attscale></attr><attr><attrlabl Sync="TRUE">Offset</attrlabl><attalias Sync="TRUE">Offset</attalias><attrtype Sync="TRUE">String</attrtype><attwidth Sync="TRUE">128</attwidth><atprecis Sync="TRUE">0</atprecis><attscale Sync="TRUE">0</attscale></attr><attr><attrlabl Sync="TRUE">Microhabit</attrlabl><attalias Sync="TRUE">Microhabit</attalias><attrtype Sync="TRUE">Integer</attrtype><attwidth Sync="TRUE">6</attwidth><atprecis Sync="TRUE">6</atprecis><attscale Sync="TRUE">0</attscale></attr></detailed></eainfo><mdDateSt Sync="TRUE">20200115</mdDateSt></metadata>
